{
  "credit": "Made with Blockbench",
  "parent": "builtin/entity",
  "texture_size": [
    128,
    64
  ],
  "display": {
    "thirdperson_righthand": {
      "translation": [
        0,
        0.5,
        1
      ],
      "scale": [
        0.24750000000000003,
        0.2475,
        0.2475
      ]
    },
    "thirdperson_lefthand": {
      "translation": [
        0,
        0.5,
        1
      ],
      "scale": [
        0.24750000000000003,
        0.2475,
        0.2475
      ]
    },
    "firstperson_righthand": {
      "rotation": [
        0,
        -90,
        25
      ],
      "translation": [
        1.13,
        1.2000000000000002,
        1.13
      ],
      "scale": [
        0.30600000000000005,
        0.306,
        0.306
      ]
    },
    "firstperson_lefthand": {
      "rotation": [
        0,
        -90,
        25
      ],
      "translation": [
        1.13,
        1.2000000000000002,
        1.13
      ],
      "scale": [
        0.306,
        0.306,
        0.306
      ]
    },
    "ground": {
      "translation": [
        0,
        -1,
        0
      ],
      "scale": [
        0.225,
        0.225,
        0.225
      ]
    },
    "gui": {
      "rotation": [
        20,
        31,
        0
      ],
      "translation": [
        0,
        -3.75,
        0
      ],
      "scale": [
        0.9,
        0.9,
        0.9
      ]
    },
    "head": {
      "rotation": [
        0,
        180,
        0
      ],
      "translation": [
        0,
        -8.25,
        0.5
      ],
      "scale": [
        2,
        2,
        2
      ]
    },
    "fixed": {
      "rotation": [
        0,
        180,
        0
      ],
      "translation": [
        0,
        -4,
        0
      ],
      "scale": [
        0.9,
        0.9,
        0.9
      ]
    }
  }
}